Channel,Region,Fresh,Milk,Grocery,Frozen,Detergents_Paper,Delicassen,cluster_id,segment_label,distance_to_centroid,boundary_margin
2,3,12669,9656,7561,214,2674,1338,0,High & Diverse Spenders,1.8726768637305586,0.21684863334533566
2,3,7057,9810,9568,1762,3293,1776,0,High & Diverse Spenders,0.4399499486116428,1.820319154422815
2,3,6353,8808,7684,2405,3516,7844,0,High & Diverse Spenders,1.2071005186932668,1.9331037854358153
1,3,13265,1196,4221,6404,507,1788,1,Traditional Food Buyers,1.5344664634580472,0.8081182276941097
2,3,22615,5410,7198,3915,1777,5185,0,High & Diverse Spenders,1.1518137079952007,1.608475886547889
2,3,9413,8259,5126,666,1795,1451,0,High & Diverse Spenders,1.1920496052872671,0.8666012069183846
2,3,12126,3199,6975,480,3140,545,2,Grocery & Consumer Goods,1.7831771773335223,0.017364298917697862
2,3,7579,4956,9426,1669,3321,2566,0,High & Diverse Spenders,0.6335102242574724,1.7500863622814884
1,3,5963,3648,6192,425,1716,750,2,Grocery & Consumer Goods,1.473432981390735,0.3208333446435512
2,3,6006,11093,18881,1159,7425,2098,0,High & Diverse Spenders,1.072289272323116,1.2091883683642082
2,3,3366,5403,12974,4400,5977,1744,0,High & Diverse Spenders,1.1696586377439806,1.3372596260935496
2,3,13146,1124,4523,1420,549,497,1,Traditional Food Buyers,1.0282795095146162,1.4248550158861844
2,3,31714,12319,11757,287,3881,2931,0,High & Diverse Spenders,1.82273409047803,1.1144082866047986
2,3,21217,6208,14982,3095,6707,602,0,High & Diverse Spenders,1.217881940453886,1.5078100554911362
2,3,24653,9465,12091,294,5058,2168,0,High & Diverse Spenders,1.7077320451860591,0.9194108634265945
1,3,10253,1114,3821,397,964,412,1,Traditional Food Buyers,1.6618131435577728,0.7320742426649685
2,3,1020,8816,12121,134,4508,1080,2,Grocery & Consumer Goods,1.2902546917079776,1.4969785436459708
1,3,5876,6157,2933,839,370,4478,0,High & Diverse Spenders,1.99192034691816,0.18944015812946313
2,3,18601,6327,10099,2205,2767,3181,0,High & Diverse Spenders,0.5605863148683427,2.248040694373824
1,3,7780,2495,9464,669,2518,501,2,Grocery & Consumer Goods,1.6309323783129634,0.15964699798731918
2,3,17546,4519,4602,1066,2259,2124,0,High & Diverse Spenders,1.1272124125372072,1.050856580177621
1,3,5567,871,2010,3383,375,569,1,Traditional Food Buyers,0.7492214249345834,2.261908339444088
1,3,31276,1917,4469,9408,2381,4334,0,High & Diverse Spenders,2.126875601196171,0.5207973171173412
2,3,26373,36423,22019,5154,4337,16523,0,High & Diverse Spenders,2.448938713773794,2.21534058107705
2,3,22647,9776,13792,2915,4482,5778,0,High & Diverse Spenders,1.0781141133031347,2.414658309411926
2,3,16165,4230,7595,201,4003,57,2,Grocery & Consumer Goods,2.330109127819169,1.0417111824418663
1,3,9898,961,2861,3151,242,833,1,Traditional Food Buyers,0.7108329479515966,2.078961103009769
1,3,14276,803,3045,485,100,518,1,Traditional Food Buyers,1.4685438581077195,1.9399623303247795
2,3,4113,20484,25957,1158,8604,5206,0,High & Diverse Spenders,1.783908496407113,1.1744617659043124
1,3,43088,2100,2609,1200,1107,823,1,Traditional Food Buyers,1.5664273474921715,0.6443906984034018
1,3,18815,3610,11107,1148,2134,2963,0,High & Diverse Spenders,1.0324061009094714,1.5533097199463604
1,3,2612,4339,3133,2088,820,985,1,Traditional Food Buyers,1.525753076149809,0.2912659548151595
1,3,21632,1318,2886,266,918,405,1,Traditional Food Buyers,1.9330412681336704,0.832026225447634
1,3,29729,4786,7326,6130,361,1083,0,High & Diverse Spenders,1.7344893595202924,0.35022527443436213
1,3,1502,1979,2262,425,483,395,1,Traditional Food Buyers,1.7523700386841958,0.23906342594960117
2,3,688,5491,11091,833,4239,436,2,Grocery & Consumer Goods,0.8027827459918988,1.5928548813516998
1,3,29955,4362,5428,1729,862,4626,0,High & Diverse Spenders,1.4388974154199041,0.931596320444152
2,3,15168,10556,12477,1920,6506,714,0,High & Diverse Spenders,0.986585201566735,1.423952113383594
2,3,4591,15729,16709,33,6956,433,2,Grocery & Consumer Goods,2.3810478610574,1.2494378408373077
1,3,56159,555,902,10002,212,2916,1,Traditional Food Buyers,2.495136495074585,1.4992037891948757
1,3,24025,4332,4757,9510,1145,5864,0,High & Diverse Spenders,1.8468408057278303,0.8959339042161754
1,3,19176,3065,5956,2033,2575,2802,0,High & Diverse Spenders,1.1322162179216164,1.1163106889545462
2,3,10850,7555,14961,188,6899,46,2,Grocery & Consumer Goods,2.308379845016169,1.201609523825819
2,3,630,11095,23998,787,9529,72,2,Grocery & Consumer Goods,1.8396097913282867,1.6394370416183537
2,3,9670,7027,10471,541,4618,65,2,Grocery & Consumer Goods,1.9775315927525112,0.8731705961061855
2,3,5181,22044,21531,1740,7353,4985,0,High & Diverse Spenders,1.5753793542717167,1.4916919574889995
2,3,3103,14069,21955,1668,6792,1452,0,High & Diverse Spenders,1.3655602653099919,0.8075409289032252
2,3,44466,54259,55571,7782,24171,6465,0,High & Diverse Spenders,3.112427501987354,1.9559592256958878
2,3,11519,6152,10868,584,5121,1476,0,High & Diverse Spenders,1.1455410357552076,0.8771681122418362
2,3,4967,21412,28921,1798,13583,1163,0,High & Diverse Spenders,1.7370102732110602,0.8727313219315551
1,3,6269,1095,1980,3860,609,2162,1,Traditional Food Buyers,1.2820654898328692,1.3313908075855148
1,3,3347,4051,6996,239,1538,301,2,Grocery & Consumer Goods,1.0077222725630415,1.523768289561019
2,3,40721,3916,5876,532,2587,1278,0,High & Diverse Spenders,1.6744090479734717,0.824055329215843
2,3,491,10473,11532,744,5611,224,2,Grocery & Consumer Goods,1.102725783261425,1.7777512796896802
1,3,27329,1449,1947,2436,204,1333,1,Traditional Food Buyers,1.0584596129191046,1.6965543973024622
1,3,5264,3683,5005,1057,2024,1130,0,High & Diverse Spenders,1.3359011134134156,0.4866614748979887
2,3,4098,29892,26866,2616,17740,1340,0,High & Diverse Spenders,1.989341564804534,0.9511163620669583
2,3,5417,9933,10487,38,7572,1282,2,Grocery & Consumer Goods,2.3965943964232865,0.8710198411315786
1,3,13779,1970,1648,596,227,436,1,Traditional Food Buyers,1.0816761999785411,1.9171860156923333
1,3,6137,5360,8040,129,3084,1603,2,Grocery & Consumer Goods,1.8616285774389218,0.4395775946386584
2,3,8590,3045,7854,96,4095,225,2,Grocery & Consumer Goods,1.8403243192099445,1.2696555054731222
2,3,35942,38369,59598,3254,26701,2017,0,High & Diverse Spenders,2.6451554016502503,1.5876794682702422
2,3,7823,6245,6544,4154,4074,964,0,High & Diverse Spenders,0.9423538673216041,1.5119751523125924
2,3,9396,11601,15775,2896,7677,1295,0,High & Diverse Spenders,0.8733286455628694,1.7366430192038718
1,3,4760,1227,3250,3724,1247,1145,1,Traditional Food Buyers,1.3217321277179623,0.9276542134404484
2,3,85,20959,45828,36,24231,1423,2,Grocery & Consumer Goods,3.504538723458935,1.5438364720050513
1,3,9,1534,7417,175,3468,27,2,Grocery & Consumer Goods,3.9700800946917902,1.8366309853306064
2,3,19913,6759,13462,1256,5141,834,0,High & Diverse Spenders,0.9804669968582896,1.3677015681727789
1,3,2446,7260,3993,5870,788,3095,0,High & Diverse Spenders,1.769043410307897,0.6634863679565712
1,3,8352,2820,1293,779,656,144,1,Traditional Food Buyers,1.5973253427519942,1.0917531068531805
1,3,16705,2037,3202,10643,116,1365,1,Traditional Food Buyers,1.6804581907201166,1.1197931841649564
1,3,18291,1266,21042,5373,4173,14472,0,High & Diverse Spenders,2.5327908853097414,1.244032540769282
1,3,4420,5139,2661,8872,1321,181,1,Traditional Food Buyers,2.16560810188095,0.44569894973497215
2,3,19899,5332,8713,8132,764,648,0,High & Diverse Spenders,1.619927623654235,0.6532687725853537
2,3,8190,6343,9794,1285,1901,1780,0,High & Diverse Spenders,0.5771450149085223,1.5806169482603973
1,3,20398,1137,3,4407,3,975,1,Traditional Food Buyers,6.17072189710697,2.1347538531645114
1,3,717,3587,6532,7530,529,894,1,Traditional Food Buyers,2.4177487304483107,0.13121720768081913
2,3,12205,12697,28540,869,12034,1009,0,High & Diverse Spenders,1.5833078461281214,0.8636786084082697
1,3,10766,1175,2067,2096,301,167,1,Traditional Food Buyers,1.0461050466104875,2.199221716124657
1,3,1640,3259,3655,868,1202,1653,2,Grocery & Consumer Goods,1.8626959009706965,0.09781644681990231
1,3,7005,829,3009,430,610,529,1,Traditional Food Buyers,1.4768355312262902,1.14725519276784
2,3,219,9540,14403,283,7818,156,2,Grocery & Consumer Goods,1.4946940746773165,2.2507065243425153
2,3,10362,9232,11009,737,3537,2342,0,High & Diverse Spenders,0.893455924752989,1.375021334985507
1,3,20874,1563,1783,2320,550,772,1,Traditional Food Buyers,0.8427149813026429,1.691351538497116
2,3,11867,3327,4814,1178,3837,120,2,Grocery & Consumer Goods,2.1684594007873916,0.18243182904575317
2,3,16117,46197,92780,1026,40827,2944,0,High & Diverse Spenders,3.07714784016381,1.0470844279102454
2,3,22925,73498,32114,987,20070,903,0,High & Diverse Spenders,2.7405783078642103,0.9309874678439174
1,3,43265,5025,8117,6312,1579,14351,0,High & Diverse Spenders,2.066036864245384,1.4225002941945246
1,3,7864,542,4042,9735,165,46,1,Traditional Food Buyers,2.6114310824205877,1.7534759992899418
1,3,24904,3836,5330,3443,454,3178,0,High & Diverse Spenders,1.5858292519323443,0.4376596808157438
1,3,11405,596,1638,3347,69,360,1,Traditional Food Buyers,1.3083643843505617,2.5683471914549996
1,3,12754,2762,2530,8693,627,1117,1,Traditional Food Buyers,1.519665339407761,0.6510988725508924
2,3,9198,27472,32034,3232,18906,5130,0,High & Diverse Spenders,2.0626791968309743,1.6707924602156017
1,3,11314,3090,2062,35009,71,2698,1,Traditional Food Buyers,2.7156391171294523,0.7813874248487633
2,3,5626,12220,11323,206,5038,244,2,Grocery & Consumer Goods,1.4316309919018988,1.111034087586394
1,3,3,2920,6252,440,223,709,2,Grocery & Consumer Goods,4.2526290266210145,1.1867915966287175
2,3,23,2616,8118,145,3874,217,2,Grocery & Consumer Goods,2.8211094157146213,2.1648497048384825
1,3,403,254,610,774,54,63,1,Traditional Food Buyers,3.5092086249872474,1.2400568075513259
1,3,503,112,778,895,56,132,1,Traditional Food Buyers,3.5412901811090496,1.4716859193092455
1,3,9658,2182,1909,5639,215,323,1,Traditional Food Buyers,1.0152228041491589,1.9002787191156316
2,3,11594,7779,12144,3252,8035,3029,0,High & Diverse Spenders,0.7923274406962328,2.1874499943979338
2,3,1420,10810,16267,1593,6766,1838,0,High & Diverse Spenders,1.6075862328054529,0.3792304306947567
2,3,2932,6459,7677,2561,4573,1386,0,High & Diverse Spenders,1.0709142053655398,0.9668051741282917
1,3,56082,3504,8906,18028,1480,2498,0,High & Diverse Spenders,2.157878963025607,0.9189134030245261
1,3,14100,2132,3445,1336,1491,548,1,Traditional Food Buyers,1.3057524875399669,0.6367475801294562
1,3,15587,1014,3970,910,139,1378,1,Traditional Food Buyers,1.2781616054145346,1.5660604769327076
2,3,1454,6337,10704,133,6830,1831,2,Grocery & Consumer Goods,1.601161700691191,1.061498467314381
2,3,8797,10646,14886,2471,8969,1438,0,High & Diverse Spenders,0.8554263816950666,1.6791512261739272
2,3,1531,8397,6981,247,2505,1236,2,Grocery & Consumer Goods,1.191715714961508,1.05392855263656
2,3,1406,16729,28986,673,836,3,2,Grocery & Consumer Goods,3.8216820303793266,1.4210981724422016
1,3,11818,1648,1694,2276,169,1647,1,Traditional Food Buyers,0.8725001960237805,1.8742996713014688
2,3,12579,11114,17569,805,6457,1519,0,High & Diverse Spenders,1.0979662155083347,1.2183749539305206
1,3,19046,2770,2469,8853,483,2708,1,Traditional Food Buyers,1.8880908985778233,0.36846778404185576
1,3,14438,2295,1733,3220,585,1561,1,Traditional Food Buyers,1.1231477570678985,1.1028652059792212
1,3,18044,1080,2000,2555,118,1266,1,Traditional Food Buyers,0.9809690314753297,2.068987047538136
1,3,11134,793,2988,2715,276,610,1,Traditional Food Buyers,0.7854988633481157,2.1335884157201197
1,3,11173,2521,3355,1517,310,222,1,Traditional Food Buyers,1.0732212308099478,1.517940204354264
1,3,6990,3880,5380,1647,319,1160,1,Traditional Food Buyers,1.367462940138387,0.28452383255259006
1,3,20049,1891,2362,5343,411,933,1,Traditional Food Buyers,1.1225646148155153,1.2835910318582242
1,3,8258,2344,2147,3896,266,635,1,Traditional Food Buyers,0.6678838400377056,1.8232816431977754
1,3,17160,1200,3412,2417,174,1136,1,Traditional Food Buyers,0.9306230029650471,1.7139405265064083
1,3,4020,3234,1498,2395,264,255,1,Traditional Food Buyers,1.1090867986998343,1.7681475076705961
1,3,12212,201,245,1991,25,860,1,Traditional Food Buyers,2.988906827055103,2.5760113575190213
2,3,11170,10769,8814,2194,1976,143,0,High & Diverse Spenders,2.0381748519741847,0.27858906223994273
1,3,36050,1642,2961,4787,500,1621,1,Traditional Food Buyers,1.5554223908139135,0.7832334786559969
1,3,76237,3473,7102,16538,778,918,0,High & Diverse Spenders,2.398151396006196,0.3522766003559621
1,3,19219,1840,1658,8195,349,483,1,Traditional Food Buyers,1.3076364533281142,1.5936851540546315
2,3,21465,7243,10685,880,2386,2749,0,High & Diverse Spenders,0.8898988749507187,1.8165306992088026
1,3,140,8847,3823,142,1062,3,2,Grocery & Consumer Goods,3.9369047402716735,1.591928436768625
1,3,42312,926,1510,1718,410,1819,1,Traditional Food Buyers,1.5469991923021058,1.4779845577249642
1,3,7149,2428,699,6316,395,911,1,Traditional Food Buyers,1.436689791787676,1.661562643074941
1,3,2101,589,314,346,70,310,1,Traditional Food Buyers,2.644477286166855,1.722026943167359
1,3,14903,2032,2479,576,955,328,1,Traditional Food Buyers,1.4399472035512721,1.0381649549168934
1,3,9434,1042,1235,436,256,396,1,Traditional Food Buyers,1.3495240068061551,1.846061908354857
1,3,7388,1882,2174,720,47,537,1,Traditional Food Buyers,1.267264456983375,2.0531990216239953
1,3,6300,1289,2591,1170,199,326,1,Traditional Food Buyers,0.7201715331651408,2.1389442455982044
1,3,4625,8579,7030,4575,2447,1542,0,High & Diverse Spenders,0.9345472342670849,1.6390527286979168
1,3,3087,8080,8282,661,721,36,2,Grocery & Consumer Goods,2.1247811783278943,1.078756004522702
1,3,13537,4257,5034,155,249,3271,0,High & Diverse Spenders,2.688627089417413,0.03252028051629363
1,3,5387,4979,3343,825,637,929,1,Traditional Food Buyers,1.545453654656079,0.23406542251595686
1,3,17623,4280,7305,2279,960,2616,0,High & Diverse Spenders,0.9886119882467636,1.1379630202179771
1,3,30379,13252,5189,321,51,1450,0,High & Diverse Spenders,2.9612085314589085,0.02483652443507811
1,3,37036,7152,8253,2995,20,3,1,Traditional Food Buyers,4.69584043624452,0.6838227792951876
1,3,10405,1596,1096,8425,399,318,1,Traditional Food Buyers,1.3830664252391538,1.889274132836024
1,3,18827,3677,1988,118,516,201,1,Traditional Food Buyers,2.5975727394862647,0.2138625651345465
2,3,22039,8384,34792,42,12591,4430,0,High & Diverse Spenders,3.468097614860765,0.12697142066862055
1,3,7769,1936,2177,926,73,520,1,Traditional Food Buyers,0.961650088728975,2.1678290756459053
1,3,9203,3373,2707,1286,1082,526,1,Traditional Food Buyers,1.2269870251947619,0.6830827852469039
1,3,5924,584,542,4052,283,434,1,Traditional Food Buyers,1.6016796657304073,2.467527719544017
1,3,31812,1433,1651,800,113,1440,1,Traditional Food Buyers,1.4426192525789605,1.7169548073175833
1,3,16225,1825,1765,853,170,1067,1,Traditional Food Buyers,0.9749087802185333,1.8432509718132888
1,3,1289,3328,2022,531,255,1774,1,Traditional Food Buyers,1.9543918068031882,0.5446379264189896
1,3,18840,1371,3135,3001,352,184,1,Traditional Food Buyers,1.2274920623848888,1.7362331395007768
1,3,3463,9250,2368,779,302,1627,1,Traditional Food Buyers,2.068636516633203,0.12869010489863397
1,3,622,55,137,75,7,8,1,Traditional Food Buyers,6.265348379821105,1.123740506357552
2,3,1989,10690,19460,233,11577,2153,2,Grocery & Consumer Goods,1.9134181060194404,0.4479474054780437
2,3,3830,5291,14855,317,6694,3182,0,High & Diverse Spenders,1.8745367797634511,0.14836402401096072
1,3,17773,1366,2474,3378,811,418,1,Traditional Food Buyers,1.041004152866176,1.5099287273424207
2,3,2861,6570,9618,930,4004,1682,0,High & Diverse Spenders,1.2017417132431876,0.41005758493174116
2,3,355,7704,14682,398,8077,303,2,Grocery & Consumer Goods,1.0664153939820284,2.077577564501147
2,3,1725,3651,12822,824,4424,2157,2,Grocery & Consumer Goods,1.6940894195180531,0.00940555470267257
1,3,12434,540,283,1092,3,2233,1,Traditional Food Buyers,3.3393424223284836,2.301342777419178
1,3,15177,2024,3810,2665,232,610,1,Traditional Food Buyers,0.8143774723647271,1.5123954186050845
2,3,5531,15726,26870,2367,13726,446,0,High & Diverse Spenders,1.8707773214822878,0.5614035909629402
2,3,5224,7603,8584,2540,3674,238,0,High & Diverse Spenders,1.7212717195681633,0.18547142160262675
2,3,15615,12653,19858,4425,7108,2379,0,High & Diverse Spenders,1.0849956671550267,2.1768165672848996
2,3,4822,6721,9170,993,4973,3637,0,High & Diverse Spenders,1.0681567829882532,1.2051699819187964
1,3,2926,3195,3268,405,1680,693,2,Grocery & Consumer Goods,1.4629959397101675,0.5243697736439814
1,3,5809,735,803,1393,79,429,1,Traditional Food Buyers,1.3200075517634842,2.6427979052779094
1,3,5414,717,2155,2399,69,750,1,Traditional Food Buyers,1.0759434315333811,2.456509886292504
2,3,260,8675,13430,1116,7015,323,2,Grocery & Consumer Goods,1.5010160927460559,1.524221955746001
2,3,200,25862,19816,651,8773,6250,2,Grocery & Consumer Goods,3.089755145272775,0.26518949214322607
1,3,955,5479,6536,333,2840,707,2,Grocery & Consumer Goods,0.702818090687647,1.7337859111514167
2,3,514,7677,19805,937,9836,716,2,Grocery & Consumer Goods,1.462364325600706,1.0600847682185646
1,3,286,1208,5241,2515,153,1442,1,Traditional Food Buyers,2.549780992873165,0.6146079171432457
2,3,2343,7845,11874,52,4196,1697,2,Grocery & Consumer Goods,2.049480267280984,1.069145558695447
1,3,45640,6958,6536,7368,1532,230,0,High & Diverse Spenders,2.1870410489449967,0.5127011896781255
1,3,12759,7330,4533,1752,20,2631,1,Traditional Food Buyers,2.4848008767162617,0.487294320047281
1,3,11002,7075,4945,1152,120,395,1,Traditional Food Buyers,1.7930943898040095,0.5683989526365014
1,3,3157,4888,2500,4477,273,2165,1,Traditional Food Buyers,1.7301341457762929,0.4605162357319834
1,3,12356,6036,8887,402,1382,2794,0,High & Diverse Spenders,1.451703810564935,0.9279447394745022
1,3,112151,29627,18148,16745,4948,8550,0,High & Diverse Spenders,2.8404061262730793,2.1433787337107373
1,3,694,8533,10518,443,6907,156,2,Grocery & Consumer Goods,0.9106002871791906,2.130720717002404
1,3,36847,43950,20170,36534,239,47943,0,High & Diverse Spenders,4.060220733903807,1.578037513846441
1,3,327,918,4710,74,334,11,2,Grocery & Consumer Goods,3.7065028917586975,0.9102121549820765
1,3,8170,6448,1139,2181,58,247,1,Traditional Food Buyers,1.7942529260959532,1.6233156499824652
1,3,3009,521,854,3470,949,727,1,Traditional Food Buyers,1.681502492290089,1.9862422219062268
1,3,2438,8002,9819,6269,3459,3,2,Grocery & Consumer Goods,4.137507497144704,0.6941364899810951
2,3,8040,7639,11687,2758,6839,404,0,High & Diverse Spenders,1.354520407205987,0.8130322958762148
2,3,834,11577,11522,275,4027,1856,2,Grocery & Consumer Goods,1.5359736196407328,0.9088310397216377
1,3,16936,6250,1981,7332,118,64,1,Traditional Food Buyers,2.483879023234972,1.1930914421568999
1,3,13624,295,1381,890,43,84,1,Traditional Food Buyers,2.501103355294671,2.118400591817959
1,3,5509,1461,2251,547,187,409,1,Traditional Food Buyers,1.0979829938705519,1.6176472521488419
2,3,180,3485,20292,959,5618,666,2,Grocery & Consumer Goods,1.7813925581037482,1.4098212029666308
1,3,7107,1012,2974,806,355,1142,1,Traditional Food Buyers,1.0335358001437813,1.6699889465614308
1,3,17023,5139,5230,7888,330,1755,0,High & Diverse Spenders,1.7829639381198363,0.25994844397843475
1,1,30624,7209,4897,18711,763,2876,0,High & Diverse Spenders,2.094171970073644,0.8286387883419621
2,1,2427,7097,10391,1127,4314,1468,0,High & Diverse Spenders,1.230197580168092,0.35318691762154475
1,1,11686,2154,6824,3527,592,697,1,Traditional Food Buyers,1.3741394713459791,0.41596845979145813
1,1,9670,2280,2112,520,402,347,1,Traditional Food Buyers,1.2316135123635756,1.2805709404982426
2,1,3067,13240,23127,3941,9959,731,0,High & Diverse Spenders,1.686581539597879,0.7786777072215136
2,1,4484,14399,24708,3549,14235,1681,0,High & Diverse Spenders,1.5356976931503032,1.2829547984699619
1,1,25203,11487,9490,5065,284,6854,0,High & Diverse Spenders,1.8865097218193325,1.3052014468806115
1,1,583,685,2216,469,954,18,2,Grocery & Consumer Goods,3.344056544480951,0.22991093033423526
1,1,1956,891,5226,1383,5,1328,1,Traditional Food Buyers,2.6686414567955388,1.7013214665758105
2,1,1107,11711,23596,955,9265,710,2,Grocery & Consumer Goods,1.563032508081738,0.6036197404081978
1,1,6373,780,950,878,288,285,1,Traditional Food Buyers,1.2610872137818434,2.1473091594209457
2,1,2541,4737,6089,2946,5316,120,2,Grocery & Consumer Goods,1.9853298643110695,0.5268264296232013
1,1,1537,3748,5838,1859,3381,806,2,Grocery & Consumer Goods,1.5958128078030354,0.17444766540021428
2,1,5550,12729,16767,864,12420,797,0,High & Diverse Spenders,1.54001499131015,0.3516697222298977
1,1,18567,1895,1393,1801,244,2100,1,Traditional Food Buyers,1.187727487706561,1.5073443669965647
2,1,12119,28326,39694,4736,19410,2870,0,High & Diverse Spenders,2.1318697495067154,1.6757600412284135
1,1,7291,1012,2062,1291,240,1775,1,Traditional Food Buyers,0.97926117021455,1.8768372709150414
1,1,3317,6602,6861,1329,3961,1215,0,High & Diverse Spenders,1.104386197624465,0.5583412166384432
2,1,2362,6551,11364,913,5957,791,2,Grocery & Consumer Goods,1.195471602233329,0.3348085631016984
1,1,2806,10765,15538,1374,5828,2388,0,High & Diverse Spenders,1.210623850509787,0.9157674348258511
2,1,2532,16599,36486,179,13308,674,2,Grocery & Consumer Goods,2.0030653512207874,0.8409931832760371
1,1,18044,1475,2046,2532,130,1158,1,Traditional Food Buyers,0.8607733070974233,1.9842156450458386
2,1,18,7504,15205,1285,4797,6372,2,Grocery & Consumer Goods,3.775914692707061,0.722655980324209
1,1,4155,367,1390,2306,86,130,1,Traditional Food Buyers,1.9528575965501136,2.2125325684861212
1,1,14755,899,1382,1765,56,749,1,Traditional Food Buyers,1.1375803859384486,2.498027063260013
1,1,5396,7503,10646,91,4167,239,2,Grocery & Consumer Goods,1.5531898423582808,1.458806965375753
1,1,5041,1115,2856,7496,256,375,1,Traditional Food Buyers,1.2240722588847306,1.8554191753714937
2,1,2790,2527,5265,5612,788,1360,1,Traditional Food Buyers,1.738170847462803,0.16051055567786898
1,1,7274,659,1499,784,70,659,1,Traditional Food Buyers,1.3162245430349138,2.431138019803532
1,1,12680,3243,4157,660,761,786,1,Traditional Food Buyers,1.5006708828762627,0.3287487573022354
2,1,20782,5921,9212,1759,2568,1553,0,High & Diverse Spenders,0.5674428319900113,1.9520912424978722
1,1,4042,2204,1563,2286,263,689,1,Traditional Food Buyers,0.6330547866644318,2.088925788360575
1,1,1869,577,572,950,4762,203,1,Traditional Food Buyers,2.6575239072238106,0.7779107467488324
1,1,8656,2746,2501,6845,694,980,1,Traditional Food Buyers,1.3365371470681426,0.7636370600288542
2,1,11072,5989,5615,8321,955,2137,0,High & Diverse Spenders,1.3648884206072545,0.9538064408434943
1,1,2344,10678,3828,1439,1566,490,2,Grocery & Consumer Goods,1.674992493387077,0.16771898900193816
1,1,25962,1780,3838,638,284,834,1,Traditional Food Buyers,1.3703267606854739,1.1221752775754246
1,1,964,4984,3316,937,409,7,2,Grocery & Consumer Goods,3.3642687792064283,0.5224585656442522
1,1,15603,2703,3833,4260,325,2563,1,Traditional Food Buyers,1.5747794201753371,0.36781110780312143
1,1,1838,6380,2824,1218,1216,295,2,Grocery & Consumer Goods,1.6268251136646104,0.41775259570760825
1,1,8635,820,3047,2312,415,225,1,Traditional Food Buyers,1.0792482465033821,2.040550606895943
1,1,18692,3838,593,4634,28,1215,1,Traditional Food Buyers,2.134305121035204,1.7210407364977285
1,1,7363,475,585,1112,72,216,1,Traditional Food Buyers,1.925894402913156,2.442357346937687
1,1,47493,2567,3779,5243,828,2253,0,High & Diverse Spenders,1.9706053795531424,0.07014520058000318
1,1,22096,3575,7041,11422,343,2564,0,High & Diverse Spenders,2.020630456059699,0.339205395583853
1,1,24929,1801,2475,2216,412,1047,1,Traditional Food Buyers,0.9731392072362264,1.34305107452317
1,1,18226,659,2914,3752,586,578,1,Traditional Food Buyers,1.241505420443386,1.703076004400486
1,1,11210,3576,5119,561,1682,2398,0,High & Diverse Spenders,1.497709434157283,0.6898866624768516
1,1,6202,7775,10817,1183,3143,1970,0,High & Diverse Spenders,0.6461533153570134,1.4167949211304824
2,1,3062,6154,13916,230,8933,2784,2,Grocery & Consumer Goods,1.936370290029446,0.20679402595327412
1,1,8885,2428,1777,1777,430,610,1,Traditional Food Buyers,0.5614871009848613,1.8524366971204085
1,1,13569,346,489,2077,44,659,1,Traditional Food Buyers,2.14341037857065,2.6141078471443113
1,1,15671,5279,2406,559,562,572,1,Traditional Food Buyers,1.6677364103625074,0.5356792525501806
1,1,8040,3795,2070,6340,918,291,1,Traditional Food Buyers,1.5633720589747322,0.8675417653370114
1,1,3191,1993,1799,1730,234,710,1,Traditional Food Buyers,0.6976698783720726,2.0712527528079203
2,1,6134,23133,33586,6746,18594,5121,0,High & Diverse Spenders,2.193690708105016,1.7003583927903625
1,1,6623,1860,4740,7683,205,1693,1,Traditional Food Buyers,1.5599222654314178,0.8410687463084632
1,1,29526,7961,16966,432,363,1391,0,High & Diverse Spenders,1.9193829502292166,0.9485115833092468
1,1,10379,17972,4748,4686,1547,3265,0,High & Diverse Spenders,1.303340580112499,1.728331646632946
1,1,31614,489,1495,3242,111,615,1,Traditional Food Buyers,1.5521713294939556,2.279936031097064
1,1,11092,5008,5249,453,392,373,1,Traditional Food Buyers,1.8915555337641918,0.18980853714456147
1,1,8475,1931,1883,5004,3593,987,1,Traditional Food Buyers,1.7814920715556493,0.4314802093173802
1,1,56083,4563,2124,6422,730,3321,0,High & Diverse Spenders,2.238091456368762,0.16727477006479008
1,1,53205,4959,7336,3012,967,818,0,High & Diverse Spenders,1.5080713015783838,0.7407399724805979
1,1,9193,4885,2157,327,780,548,1,Traditional Food Buyers,1.9026005428204988,0.2786850031409269
1,1,7858,1110,1094,6818,49,287,1,Traditional Food Buyers,1.5817776029802006,2.423027092533027
1,1,23257,1372,1677,982,429,655,1,Traditional Food Buyers,0.9869454581453708,1.829922142117713
1,1,2153,1115,6684,4324,2894,411,1,Traditional Food Buyers,2.1463710208459714,0.3792454283251394
2,1,1073,9679,15445,61,5980,1265,2,Grocery & Consumer Goods,1.8676718221181188,1.423450762227448
1,1,5909,23527,13699,10155,830,3636,0,High & Diverse Spenders,1.8434331931198127,1.8397926254777
2,1,572,9763,22182,2221,4882,2563,0,High & Diverse Spenders,2.189806069073429,0.1894727878271718
1,1,20893,1222,2576,3975,737,3628,1,Traditional Food Buyers,1.7770189875073956,0.6476709525921611
2,1,11908,8053,19847,1069,6374,698,0,High & Diverse Spenders,1.224628182960239,0.8611954620898361
1,1,15218,258,1138,2516,333,204,1,Traditional Food Buyers,1.9743071485096086,2.354092291147926
1,1,4720,1032,975,5500,197,56,1,Traditional Food Buyers,2.155038979111062,1.9455761531195774
1,1,2083,5007,1563,1120,147,1550,1,Traditional Food Buyers,1.7088792413941518,1.070666262286022
1,1,514,8323,6869,529,93,1040,2,Grocery & Consumer Goods,2.39260048646676,0.5695008791510521
1,3,36817,3045,1493,4802,210,1824,1,Traditional Food Buyers,1.6671034963157088,1.0117301380030586
1,3,894,1703,1841,744,759,1153,1,Traditional Food Buyers,1.8714219892184936,0.466747214772155
1,3,680,1610,223,862,96,379,1,Traditional Food Buyers,2.7412993908198167,1.4662289399395232
1,3,27901,3749,6964,4479,603,2503,0,High & Diverse Spenders,1.465676388266505,0.6780515082431235
1,3,9061,829,683,16919,621,139,1,Traditional Food Buyers,2.367929461649298,1.8660615832643086
1,3,11693,2317,2543,5845,274,1409,1,Traditional Food Buyers,1.1897973609783903,1.1402125653600774
2,3,17360,6200,9694,1293,3620,1721,0,High & Diverse Spenders,0.5938231859997878,1.8843740273494716
1,3,3366,2884,2431,977,167,1104,1,Traditional Food Buyers,1.1429180368325573,1.4282800689858948
2,3,12238,7108,6235,1093,2328,2079,0,High & Diverse Spenders,0.7432285620686494,1.6430340994199375
1,3,49063,3965,4252,5970,1041,1404,0,High & Diverse Spenders,1.752349121536981,0.4075489120772362
1,3,25767,3613,2013,10303,314,1384,1,Traditional Food Buyers,1.8342684664905056,0.6567016507472565
1,3,68951,4411,12609,8692,751,2406,0,High & Diverse Spenders,1.8946950665128093,1.0727768932670905
1,3,40254,640,3600,1042,436,18,1,Traditional Food Buyers,3.1096234687970554,1.1008337171617466
1,3,7149,2247,1242,1619,1226,128,1,Traditional Food Buyers,1.6250373475455635,1.2027868841137928
1,3,15354,2102,2828,8366,386,1027,1,Traditional Food Buyers,1.3749683303378961,0.9981614569181936
1,3,16260,594,1296,848,445,258,1,Traditional Food Buyers,1.4584813130528658,2.111545685401875
1,3,42786,286,471,1388,32,22,1,Traditional Food Buyers,3.6368816702243723,2.1715570646539093
1,3,2708,2160,2642,502,965,1522,1,Traditional Food Buyers,1.7359285562653828,0.3799081542308482
1,3,6022,3354,3261,2507,212,686,1,Traditional Food Buyers,0.9080718787227724,1.295178829864704
1,3,2838,3086,4329,3838,825,1060,1,Traditional Food Buyers,1.5401600820084493,0.25627674990717875
2,2,3996,11103,12469,902,5952,741,0,High & Diverse Spenders,1.362069466903617,0.14102741724419232
1,2,21273,2013,6550,909,811,1854,0,High & Diverse Spenders,1.7333026985494842,0.07939508649342741
2,2,7588,1897,5234,417,2208,254,2,Grocery & Consumer Goods,1.760734630678831,0.3318164193366424
1,2,19087,1304,3643,3045,710,898,1,Traditional Food Buyers,1.1241121023768867,1.0942093343774193
2,2,8090,3199,6986,1455,3712,531,0,High & Diverse Spenders,1.431526840167777,0.4440839822428022
2,2,6758,4560,9965,934,4538,1037,0,High & Diverse Spenders,1.0825173882470576,0.6265476523188223
1,2,444,879,2060,264,290,259,1,Traditional Food Buyers,2.650934121945192,0.060470915858285235
2,2,16448,6243,6360,824,2662,2005,0,High & Diverse Spenders,0.9570181384586952,1.4698916166637042
2,2,5283,13316,20399,1809,8752,172,2,Grocery & Consumer Goods,2.1042830973409554,0.08633286480915103
2,2,2886,5302,9785,364,6236,555,2,Grocery & Consumer Goods,0.847800069076786,1.191150986739796
2,2,2599,3688,13829,492,10069,59,2,Grocery & Consumer Goods,1.6792556551375173,1.5982060331540338
2,2,161,7460,24773,617,11783,2410,2,Grocery & Consumer Goods,2.374158239688518,0.9027482684082972
2,2,243,12939,8852,799,3909,211,2,Grocery & Consumer Goods,1.497219889664091,1.7666196824183762
2,2,6468,12867,21570,1840,7558,1543,0,High & Diverse Spenders,1.073651853800158,1.3478743884910913
1,2,17327,2374,2842,1149,351,925,1,Traditional Food Buyers,0.9433335109190811,1.2437650185067497
1,2,6987,1020,3007,416,257,656,1,Traditional Food Buyers,1.3337875767942902,1.4287452512577765
2,2,918,20655,13567,1465,6846,806,2,Grocery & Consumer Goods,1.8679702384216574,0.2751139057276484
1,2,7034,1492,2405,12569,299,1117,1,Traditional Food Buyers,1.5342188326219368,1.2990997671337965
1,2,29635,2335,8280,3046,371,117,1,Traditional Food Buyers,2.092392821033566,0.7152642162237184
2,2,2137,3737,19172,1274,17120,142,2,Grocery & Consumer Goods,1.7515839352587688,0.9817185102434172
1,2,9784,925,2405,4447,183,297,1,Traditional Food Buyers,0.9930873175615788,2.2765653098446954
1,2,10617,1795,7647,1483,857,1233,1,Traditional Food Buyers,1.5590659356815555,0.08450661520015967
2,2,1479,14982,11924,662,3891,3508,0,High & Diverse Spenders,1.8487471226002472,0.2730931363122977
1,2,7127,1375,2201,2679,83,1059,1,Traditional Food Buyers,0.8178200088265589,2.21296612804581
1,2,1182,3088,6114,978,821,1637,2,Grocery & Consumer Goods,1.8127381208247726,0.26894134616152976
1,2,11800,2713,3558,2121,706,51,1,Traditional Food Buyers,2.147868496832574,0.791210247247129
2,2,9759,25071,17645,1128,12408,1625,0,High & Diverse Spenders,1.5490976388135325,1.162893546686317
1,2,1774,3696,2280,514,275,834,1,Traditional Food Buyers,1.7078295646639936,0.44543692611680274
1,2,9155,1897,5167,2714,228,1113,1,Traditional Food Buyers,1.040743756464189,1.0935435059497056
1,2,15881,713,3315,3703,1470,229,1,Traditional Food Buyers,1.6764381824051293,1.3526983050574168
1,2,13360,944,11593,915,1679,573,1,Traditional Food Buyers,2.11594220684046,0.20645210547175452
1,2,25977,3587,2464,2369,140,1092,1,Traditional Food Buyers,1.2864152875603228,1.1236967349402527
1,2,32717,16784,13626,60869,1272,5609,0,High & Diverse Spenders,2.937870469619216,1.5256719131393655
1,2,4414,1610,1431,3498,387,834,1,Traditional Food Buyers,0.7600538095379308,2.0218916884289904
1,2,542,899,1664,414,88,522,1,Traditional Food Buyers,2.3396660638644713,0.8547186262712954
1,2,16933,2209,3389,7849,210,1534,1,Traditional Food Buyers,1.5159453234426057,0.8982007992318357
1,2,5113,1486,4583,5127,492,739,1,Traditional Food Buyers,1.1826974259993581,1.1213347253509296
1,2,9790,1786,5109,3570,182,1043,1,Traditional Food Buyers,1.091263851468594,1.204194629827997
2,2,11223,14881,26839,1234,9606,1102,0,High & Diverse Spenders,1.3990426460974446,1.1202066686577568
1,2,22321,3216,1447,2208,178,2602,1,Traditional Food Buyers,1.5406246765015055,1.0563169676982038
2,2,8565,4980,67298,131,38102,1215,2,Grocery & Consumer Goods,2.937711536250077,0.28081877089355833
2,2,16823,928,2743,11559,332,3486,1,Traditional Food Buyers,2.0779758071583383,0.9157526672750094
2,2,27082,6817,10790,1365,4111,2139,0,High & Diverse Spenders,0.7563738852100595,2.064113919361885
1,2,13970,1511,1330,650,146,778,1,Traditional Food Buyers,1.0798981413039972,2.1195701930633444
1,2,9351,1347,2611,8170,442,868,1,Traditional Food Buyers,1.2254414000539344,1.403335472796397
1,2,3,333,7021,15601,15,550,1,Traditional Food Buyers,5.93221541477118,0.40864089330250497
1,2,2617,1188,5332,9584,573,1942,1,Traditional Food Buyers,1.998593232527244,0.5874268976661308
2,3,381,4025,9670,388,7271,1371,2,Grocery & Consumer Goods,1.4359001628437376,1.3928597984100592
2,3,2320,5763,11238,767,5162,2158,0,High & Diverse Spenders,1.4495552745186926,0.22517593962681048
1,3,255,5758,5923,349,4595,1328,2,Grocery & Consumer Goods,1.5523000165217344,1.496159504067081
2,3,1689,6964,26316,1456,15469,37,2,Grocery & Consumer Goods,2.4055853055566145,1.1627665487213976
1,3,3043,1172,1763,2234,217,379,1,Traditional Food Buyers,0.8004267859189981,2.2813483293174213
1,3,1198,2602,8335,402,3843,303,2,Grocery & Consumer Goods,0.7327756967685611,1.975494853534229
2,3,2771,6939,15541,2693,6600,1115,0,High & Diverse Spenders,1.2392618086240292,0.8026193310366272
2,3,27380,7184,12311,2809,4621,1022,0,High & Diverse Spenders,0.866480915654863,2.0063287158752905
1,3,3428,2380,2028,1341,1184,665,1,Traditional Food Buyers,1.2012102034404506,1.0156369725230079
2,3,5981,14641,20521,2005,12218,445,0,High & Diverse Spenders,1.7043255166891078,0.5419575874351596
1,3,3521,1099,1997,1796,173,995,1,Traditional Food Buyers,0.7741690808574603,2.257348668656375
2,3,1210,10044,22294,1741,12638,3137,0,High & Diverse Spenders,1.9512867337588058,0.5124536801981532
1,3,608,1106,1533,830,90,195,1,Traditional Food Buyers,2.1838580610957283,1.0066654940379487
2,3,117,6264,21203,228,8682,1111,2,Grocery & Consumer Goods,2.04442059001097,1.6846584653022165
1,3,14039,7393,2548,6386,1333,2341,0,High & Diverse Spenders,1.5976380152133236,0.6934018945691014
1,3,190,727,2012,245,184,127,2,Grocery & Consumer Goods,3.2337266985372324,0.09048478999170761
1,3,22686,134,218,3157,9,548,1,Traditional Food Buyers,3.625967606655925,2.5859660526138444
2,3,37,1275,22272,137,6747,110,2,Grocery & Consumer Goods,3.0269846583777875,2.2479477016878118
1,3,759,18664,1660,6114,536,4100,0,High & Diverse Spenders,2.94474987060064,0.3945432024883351
1,3,796,5878,2109,340,232,776,2,Grocery & Consumer Goods,2.1859759546443565,0.2556826007524493
1,3,19746,2872,2006,2601,468,503,1,Traditional Food Buyers,0.9649384753481308,1.3687776953986002
1,3,4734,607,864,1206,159,405,1,Traditional Food Buyers,1.3103532215300173,2.427375502031431
1,3,2121,1601,2453,560,179,712,1,Traditional Food Buyers,1.3706183679822947,1.1618888832470007
1,3,4627,997,4438,191,1335,314,2,Grocery & Consumer Goods,2.11084951414624,0.20815283812875762
1,3,2615,873,1524,1103,514,468,1,Traditional Food Buyers,1.152567527806503,1.6903016201013277
2,3,4692,6128,8025,1619,4515,3105,0,High & Diverse Spenders,0.8788930496356501,1.4522551279264042
1,3,9561,2217,1664,1173,222,447,1,Traditional Food Buyers,0.6220459774591078,2.185825177116829
1,3,3477,894,534,1457,252,342,1,Traditional Food Buyers,1.4835514903052427,2.223542859713315
1,3,22335,1196,2406,2046,101,558,1,Traditional Food Buyers,0.9197485094550849,2.201127264192839
1,3,6211,337,683,1089,41,296,1,Traditional Food Buyers,2.119053052283588,2.4716186925071923
2,3,39679,3944,4955,1364,523,2235,0,High & Diverse Spenders,1.648027198507193,0.342001817180525
1,3,20105,1887,1939,8164,716,790,1,Traditional Food Buyers,1.4444577065868183,1.088748309792011
1,3,3884,3801,1641,876,397,4829,1,Traditional Food Buyers,2.015600555537233,0.461922012693174
2,3,15076,6257,7398,1504,1916,3113,0,High & Diverse Spenders,0.6824416750866505,1.8490550163717785
1,3,6338,2256,1668,1492,311,686,1,Traditional Food Buyers,0.5093789356533674,2.071152940271238
1,3,5841,1450,1162,597,476,70,1,Traditional Food Buyers,2.0111841661753713,1.0418259834630232
2,3,3136,8630,13586,5641,4666,1426,0,High & Diverse Spenders,1.2319442237504001,1.3660821841850639
1,3,38793,3154,2648,1034,96,1242,1,Traditional Food Buyers,1.5992834769720252,1.1017152274640756
1,3,3225,3294,1902,282,68,1114,1,Traditional Food Buyers,1.9986357479423877,0.9883140357748847
2,3,4048,5164,10391,130,813,179,2,Grocery & Consumer Goods,1.5015515754661886,1.5641210453651384
1,3,28257,944,2146,3881,600,270,1,Traditional Food Buyers,1.367305920440443,1.7414147294888487
1,3,17770,4591,1617,9927,246,532,1,Traditional Food Buyers,1.721610685160551,1.029339828342644
1,3,34454,7435,8469,2540,1711,2893,0,High & Diverse Spenders,0.893533820725831,1.8733256593230712
1,3,1821,1364,3450,4006,397,361,1,Traditional Food Buyers,1.342855242382155,1.4480599648784058
1,3,10683,21858,15400,3635,282,5120,0,High & Diverse Spenders,1.8637192403746958,1.6732670729637897
1,3,11635,922,1614,2583,192,1068,1,Traditional Food Buyers,0.7579329064483186,2.3290915394650917
1,3,1206,3620,2857,1945,353,967,1,Traditional Food Buyers,1.6070311309023022,0.7452115100033521
1,3,20918,1916,1573,1960,231,961,1,Traditional Food Buyers,0.807236216435621,1.8884075874641955
1,3,9785,848,1172,1677,200,406,1,Traditional Food Buyers,0.8125377057660834,2.6669543725116664
1,3,9385,1530,1422,3019,227,684,1,Traditional Food Buyers,0.4689293014777897,2.4403865040046417
1,3,3352,1181,1328,5502,311,1000,1,Traditional Food Buyers,1.1560560837490244,1.963147720246864
1,3,2647,2761,2313,907,95,1827,1,Traditional Food Buyers,1.518003870063785,1.3428776549177803
1,3,518,4180,3600,659,122,654,2,Grocery & Consumer Goods,2.313191087568118,0.03979440869557038
1,3,23632,6730,3842,8620,385,819,0,High & Diverse Spenders,1.997012031628339,0.06131558273319526
1,3,12377,865,3204,1398,149,452,1,Traditional Food Buyers,0.872511118420226,2.2427985570186655
1,3,9602,1316,1263,2921,841,290,1,Traditional Food Buyers,1.0586931759740175,1.965047364918111
2,3,4515,11991,9345,2644,3378,2213,0,High & Diverse Spenders,0.76994186605006,1.6877317228588802
1,3,11535,1666,1428,6838,64,743,1,Traditional Food Buyers,1.314401387386864,2.0771459844403495
1,3,11442,1032,582,5390,74,247,1,Traditional Food Buyers,1.7241245791556024,2.503006435612826
1,3,9612,577,935,1601,469,375,1,Traditional Food Buyers,1.2573321722187707,2.4112310063707807
1,3,4446,906,1238,3576,153,1014,1,Traditional Food Buyers,1.0083790043703793,2.3776892498856936
1,3,27167,2801,2128,13223,92,1902,1,Traditional Food Buyers,2.080724535977936,0.9643941412478307
1,3,26539,4753,5091,220,10,340,1,Traditional Food Buyers,2.9946167256742284,1.0360590163148404
1,3,25606,11006,4604,127,632,288,2,Grocery & Consumer Goods,2.6359697618002143,0.32591003139524366
1,3,18073,4613,3444,4324,914,715,1,Traditional Food Buyers,1.6082245405156952,0.021045816333238765
1,3,6884,1046,1167,2069,593,378,1,Traditional Food Buyers,0.8660434452409196,2.2974772625079765
1,3,25066,5010,5026,9806,1092,960,0,High & Diverse Spenders,1.6917141085144933,0.5376399282972508
2,3,7362,12844,18683,2854,7883,553,0,High & Diverse Spenders,1.374120602111754,1.0083521595562994
2,3,8257,3880,6407,1646,2730,344,0,High & Diverse Spenders,1.5895193553175702,0.2951556268527056
1,3,8708,3634,6100,2349,2123,5137,0,High & Diverse Spenders,1.1942437964535781,1.2610923801828677
1,3,6633,2096,4563,1389,1860,1892,0,High & Diverse Spenders,1.5637789455458007,0.14662174844624642
1,3,2126,3289,3281,1535,235,4365,1,Traditional Food Buyers,1.9777200841693006,0.4005350223644051
1,3,97,3605,12400,98,2970,62,2,Grocery & Consumer Goods,2.3674486308613334,2.4278804019422857
1,3,4983,4859,6633,17866,912,2435,0,High & Diverse Spenders,1.9577884916700756,0.7134442047123568
1,3,5969,1990,3417,5679,1135,290,1,Traditional Food Buyers,1.4591226219872708,0.9596250207400172
2,3,7842,6046,8552,1691,3540,1874,0,High & Diverse Spenders,0.4872339264405234,1.7636625349075266
2,3,4389,10940,10908,848,6728,993,0,High & Diverse Spenders,1.2631821309528548,0.36084835207128596
1,3,5065,5499,11055,364,3485,1063,2,Grocery & Consumer Goods,1.3715630175283433,0.252336631674555
2,3,660,8494,18622,133,6740,776,2,Grocery & Consumer Goods,1.3478259843005085,1.7476757066493986
1,3,8861,3783,2223,633,1580,1521,1,Traditional Food Buyers,1.7931938331701673,0.0964812965980586
1,3,4456,5266,13227,25,6818,1393,2,Grocery & Consumer Goods,2.555808534533163,1.0472308889480462
2,3,17063,4847,9053,1031,3415,1784,0,High & Diverse Spenders,0.8288047595499778,1.5895797114074823
1,3,26400,1377,4172,830,948,1218,1,Traditional Food Buyers,1.5821123789287348,0.6075746222152227
2,3,17565,3686,4657,1059,1803,668,0,High & Diverse Spenders,1.4857124617963653,0.2902823815937239
2,3,16980,2884,12232,874,3213,249,0,High & Diverse Spenders,2.0044156618263025,0.08755138287865316
1,3,11243,2408,2593,15348,108,1886,1,Traditional Food Buyers,1.9627123511092797,0.9898197897478331
1,3,13134,9347,14316,3141,5079,1894,0,High & Diverse Spenders,0.5561152034940716,2.2646606353293435
1,3,31012,16687,5429,15082,439,1163,0,High & Diverse Spenders,2.1974363210041945,0.8810862650802651
1,3,3047,5970,4910,2198,850,317,1,Traditional Food Buyers,1.8639325506321915,0.008453115950181722
1,3,8607,1750,3580,47,84,2501,1,Traditional Food Buyers,3.219155751188388,0.42987875651409757
1,3,3097,4230,16483,575,241,2080,0,High & Diverse Spenders,2.1070860670956875,0.18550293357382008
1,3,8533,5506,5160,13486,1377,1498,0,High & Diverse Spenders,1.666765473821915,0.7638379544071106
1,3,21117,1162,4754,269,1328,395,1,Traditional Food Buyers,2.151685241380311,0.46346019261553684
1,3,1982,3218,1493,1541,356,1449,1,Traditional Food Buyers,1.4100287471850843,1.1971751561626809
1,3,16731,3922,7994,688,2371,838,0,High & Diverse Spenders,1.3489728465208866,0.7338975691620315
1,3,29703,12051,16027,13135,182,2204,0,High & Diverse Spenders,2.27509629884944,1.0765127317988537
1,3,39228,1431,764,4510,93,2346,1,Traditional Food Buyers,1.9365965161407483,1.6822310372997935
2,3,14531,15488,30243,437,14841,1867,0,High & Diverse Spenders,1.965453072926821,0.7895074004017537
1,3,10290,1981,2232,1038,168,2125,1,Traditional Food Buyers,1.165251149819386,1.417413788358399
1,3,2787,1698,2510,65,477,52,2,Grocery & Consumer Goods,2.8400538191976423,0.5256880647981341
